損益表,,,Income Statement,,,,,損益表,,,Income Statement,,,,損益表,,,Income Statement,,,,損益表,,,Income Statement,,,,損益表,,,Income Statement,,,,損益表,,,Income Statement,,,,損益表,,,Income Statement ,,,,
,                 總 表        ,單位：新台幣千元,,Consolidated,,,"Unit：NT$1,000",,    國內人身保險業                                      ,單位：新台幣千元,,Domestic Life Ins. Companies,,"Unit：NT$1,000",,    國內人身保險業                                      ,單位：新台幣千元,,Domestic Life Ins. Companies,,"Unit：NT$1,000",,    國內人身保險業                                      ,單位：新台幣千元,,Domestic Life Ins. Companies,,"Unit：NT$1,000",,    國內人身保險業                                      ,單位：新台幣千元,,Domestic Life Ins. Companies,,"Unit：NT$1,000",,    國內人身保險業                                      ,單位：新台幣千元,,Domestic Life Ins. Companies,,"Unit：NT$1,000",,       外商人身保險業(續),單位：新台幣千元,"                                        Foreign Life Ins. Companies(Continued)                Unit：NT$1,000",,,,
科   目,,2014,2013,2014,2013,2014,2013,科   目,,2014,臺銀人壽      ,台灣人壽      ,保誠人壽      ,國泰人壽      ,科   目,,中國人壽      ,南山人壽      ,新光人壽      ,富邦人壽      ,國寶人壽      ,科   目,,三商美邦人壽    ,朝陽人壽      ,幸福人壽      ,遠雄人壽      ,宏泰人壽      ,科   目,,安聯人壽      ,中華郵政      ,第一金人壽     ,合作金庫人壽    ,中國信託人壽    ,科   目,,保德信國際人壽   ,康健人壽      ,元大人壽    ,全球人壽      ,,科   目,,2014,友邦人壽      ,法國巴黎人壽    ,中泰人壽      ,蘇黎世國際人壽   ,
Item,,總計  Total,總計  Total,本國(Domestic),本國(Domestic),外商(Foreign),外商(Foreign),Item,,小計  Sub-total,Bank Taiwan Life,Taiwan Life,PCA Life,Cathay Life,Item,,China Life,Nan Shan Life,Shin Kong Life,Fubon Life,Global Life,Item,,Mercuries Life,Chaoyang Life,Singfor Life,Farglory Life,Hontai Life,Item,,Allianz Taiwan Life,Chunghwa Post,First-Aviva Life,BNP Paribas Cardif TCB,CTBC Life,Item,,Prudential of Taiwan,CIGNA,Yuanta Life,TransGlobe Life,,Item,,小計  Sub-total,AIA Taiwan,Cardif,ACE Tempest Life,Zurich,
營業收入,Operating Revenues,"3,310,465,607","3,024,690,876","3,239,828,622","2,975,589,399","70,636,985","49,101,477",營業收入,Operating Revenues,"3,239,828,622","46,604,658","85,583,837","31,247,681","763,525,423",營業收入,Operating Revenues,"193,631,190","512,889,913","293,280,069","516,912,871","9,043,659",營業收入,Operating Revenues,"154,722,934","6,764,733","7,842,562","47,592,503","26,685,553",營業收入,Operating Revenues,"48,748,119","168,260,426","14,882,449","33,311,379","129,885,718",營業收入,Operating Revenues,"18,400,359","11,358,643","16,921,082","101,732,861",,營業收入,Operating Revenues,"70,636,985","7,539,259","49,448,340","13,638,188","11,198",
　簽單保費收入,　Premium income,"2,317,892,896","2,197,736,838","2,306,167,154","2,187,707,895","11,725,742","10,028,943",　簽單保費收入,　Premium income,"2,306,167,154","34,980,085","66,293,547","19,651,950","479,867,213",　簽單保費收入,　Premium income,"144,674,089","376,027,298","202,434,959","395,936,227","8,491,620",　簽單保費收入,　Premium income,"125,658,622","4,264,540","6,581,425","36,890,756","19,708,707",　簽單保費收入,　Premium income,"8,007,719","148,766,870","2,098,592","2,852,136","115,280,372",　簽單保費收入,　Premium income,"12,335,542","8,026,517","14,064,414","73,273,954",,　簽單保費收入,　Premium income,"11,725,742","6,908,822","4,628,270","188,630",20,
　再保費收入,　Reinsurance Premium income,"863,827","936,432","863,827","936,432",-,-,　再保費收入,　Reinsurance Premium income,"863,827","3,908",-,-31,"200,487",　再保費收入,　Reinsurance Premium income,-34,-,"46,264","5,128",-,　再保費收入,　Reinsurance Premium income,-,"1,733",-,"4,766","3,465",　再保費收入,　Reinsurance Premium income,-,-,-,-,-2,　再保費收入,　Reinsurance Premium income,"598,165",-,-,-22,,　再保費收入,　Reinsurance Premium income,-,-,-,-,-,
　減：再保費支出,　Premiums ceded to reinsurers,"45,590,597","55,204,569","44,141,058","53,615,467","1,449,539","1,589,102",　減：再保費支出,　Premiums ceded to reinsurers,"44,141,058","68,931","3,312,625","240,638","9,896,021",　減：再保費支出,　Premiums ceded to reinsurers,"1,027,796","6,811,074","1,816,912","5,595,693","1,353,005",　減：再保費支出,　Premiums ceded to reinsurers,"5,313,823","78,365","119,534","4,840,923","263,982",　減：再保費支出,　Premiums ceded to reinsurers,"873,682",-,"19,945","57,262","653,209",　減：再保費支出,　Premiums ceded to reinsurers,"381,273","13,224","524,407","878,734",,　減：再保費支出,　Premiums ceded to reinsurers,"1,449,539","346,392","917,477","185,670",-,
　　　未滿期保費準備淨變動,　Provision(Recovery) for Unearned Premium Reserve,"4,040,707","11,514,552","3,877,269","11,442,861","163,438","71,691",　　　未滿期保費準備淨變動,　Provision(Recovery) for Unearned Premium Reserve,"3,877,269","-3,818","60,688","-100,677","780,660",　　　未滿期保費準備淨變動,　Provision(Recovery) for Unearned Premium Reserve,"272,173","936,856","252,177","306,280","-33,019",　　　未滿期保費準備淨變動,　Provision(Recovery) for Unearned Premium Reserve,"618,272","10,537","-3,808","17,480","7,183",　　　未滿期保費準備淨變動,　Provision(Recovery) for Unearned Premium Reserve,"23,048",162,"16,795","14,803","560,228",　　　未滿期保費準備淨變動,　Provision(Recovery) for Unearned Premium Reserve,"30,475",-808,"1,962","109,620",,　　　未滿期保費準備淨變動,　Provision(Recovery) for Unearned Premium Reserve,"163,438","119,618","41,990","1,830",-,
　自留滿期保費收入,　Retained Premiums Earned,"2,269,125,419","2,131,954,150","2,259,012,654","2,123,585,999","10,112,765","8,368,151",　自留滿期保費收入,　Retained Premiums Earned,"2,259,012,654","34,918,880","62,920,234","19,511,958","469,391,019",　自留滿期保費收入,　Retained Premiums Earned,"143,374,086","368,279,368","200,412,134","390,039,382","7,171,634",　自留滿期保費收入,　Retained Premiums Earned,"119,726,527","4,177,371","6,465,699","32,037,119","19,441,007",　自留滿期保費收入,　Retained Premiums Earned,"7,110,989","148,766,708","2,061,852","2,780,071","114,066,933",　自留滿期保費收入,　Retained Premiums Earned,"12,521,959","8,014,101","13,538,045","72,285,578",,　自留滿期保費收入,　Retained Premiums Earned,"10,112,765","6,442,812","3,668,803","1,130",20,
　再保佣金收入,　Reinsurance Commission Received,"17,434,526","25,994,048","16,677,513","25,685,391","757,013","308,657",　再保佣金收入,　Reinsurance Commission Received,"16,677,513","24,458","1,657,212","10,748","4,739,687",　再保佣金收入,　Reinsurance Commission Received,"206,524","2,106,781","654,014","1,619,998","408,053",　再保佣金收入,　Reinsurance Commission Received,"1,621,709","4,510","24,068","2,228,689","13,086",　再保佣金收入,　Reinsurance Commission Received,"875,090",-,-,"8,554","153,286",　再保佣金收入,　Reinsurance Commission Received,"123,134",200,"165,078","32,634",,　再保佣金收入,　Reinsurance Commission Received,"757,013","52,991","47,678","656,344",-,
　手續費收入,　Service Charges,"21,042,026","17,837,250","16,522,112","14,042,697","4,519,914","3,794,553",　手續費收入,　Service Charges,"16,522,112","85,377","141,170","336,288","5,942,669",　手續費收入,　Service Charges,"1,000,458","1,673,349","539,448","1,823,846",600,　手續費收入,　Service Charges,"484,868","6,312","7,761","8,407","20,160",　手續費收入,　Service Charges,"1,909,614","1,949","136,199","438,749","950,990",　手續費收入,　Service Charges,"272,593","525,144","32,370","183,791",,　手續費收入,　Service Charges,"4,519,914",924,"3,504,657","1,004,306","10,027",
　淨投資損益,　Financial Receipts(Expenses),"662,843,587","562,510,954","661,601,940","561,458,311","1,241,647","1,052,643",　淨投資損益,　Financial Receipts(Expenses),"661,601,940","11,419,394","17,963,666","5,877,153","168,490,359",　淨投資損益,　Financial Receipts(Expenses),"38,934,338","117,302,413","77,213,578","109,740,072","1,463,123",　淨投資損益,　Financial Receipts(Expenses),"24,250,974","2,369,125","1,184,636","12,825,876","7,101,967",　淨投資損益,　Financial Receipts(Expenses),"962,999","19,464,227","300,859","1,305,516","11,896,994",　淨投資損益,　Financial Receipts(Expenses),"2,738,781","177,722","2,790,131","25,828,037",,　淨投資損益,　Financial Receipts(Expenses),"1,241,647","945,192","282,849","12,642",964,
　　利息收入,　　Interest Income,"435,329,201","380,960,602","434,001,326","379,837,984","1,327,875","1,122,618",　　利息收入,　　Interest Income,"434,001,326","9,938,637","13,978,468","1,146,700","98,984,235",　　利息收入,　　Interest Income,"27,652,402","77,047,523","52,156,921","62,298,112","1,252,580",　　利息收入,　　Interest Income,"19,506,049","857,374","1,000,005","8,053,308","5,037,664",　　利息收入,　　Interest Income,"997,517","19,334,238","239,198","1,090,088","8,044,257",　　利息收入,　　Interest Income,"2,244,366","177,500","2,512,274","20,451,910",,　　利息收入,　　Interest Income,"1,327,875","990,223","311,789","24,899",964,
"　　透過損益按公允價值衡量之金融資產
　　及負債損益","　　Financial Asset or Financial Liability at Fair
　　Value through Profit or Loss","-261,723,484","-103,351,105","-260,799,126","-103,078,685","-924,358","-272,420","　　透過損益按公允價值衡量之金融資產
　　及負債損益","　　Financial Asset or Financial Liability at Fair
　　Value through Profit or Loss","-260,799,126","-5,947,823","-8,860,348","4,837,366","-52,397,626","　　透過損益按公允價值衡量之金融資產
　　及負債損益","　　Financial Asset or Financial Liability at Fair
　　Value through Profit or Loss","-17,686,010","-52,462,061","-34,285,269","-39,205,700","-78,509","　　透過損益按公允價值衡量之金融資產
　　及負債損益","　　Financial Asset or Financial Liability at Fair
　　Value through Profit or Loss","-11,352,054","-231,892","184,931","-5,741,391","-3,112,113","　　透過損益按公允價值衡量之金融資產
　　及負債損益","　　Financial Asset or Financial Liability at Fair
　　Value through Profit or Loss","-804,059","-14,419,357","-83,787","-1,256,214","-2,989,138","　　透過損益按公允價值衡量之金融資產
　　及負債損益","　　Financial Asset or Financial Liability at Fair
　　Value through Profit or Loss","2,146",-,"-1,742,200","-13,168,018",,"　　透過損益按公允價值衡量之金融資產
　　及負債損益","　　Financial Asset or Financial Liability at Fair
　　Value through Profit or Loss","-924,358","-675,121","-248,185","-1,052",-,
　　備供出售金融資產之已實現損益,　　Realized Gain or Loss on Available-for-Sale Financial Assets,"170,090,060","132,016,575","169,930,099","131,999,957","159,961","16,618",　　備供出售金融資產之已實現損益,　　Realized Gain or Loss on Available-for-Sale Financial Assets,"169,930,099","1,329,813","3,756,861","1,942","40,936,277",　　備供出售金融資產之已實現損益,　　Realized Gain or Loss on Available-for-Sale Financial Assets,"9,763,657","33,665,161","12,649,941","49,539,406","175,509",　　備供出售金融資產之已實現損益,　　Realized Gain or Loss on Available-for-Sale Financial Assets,"5,822,786","1,007,372","40,968","-91,183","1,895,173",　　備供出售金融資產之已實現損益,　　Realized Gain or Loss on Available-for-Sale Financial Assets,"254,798","2,501,709","50,320","400,252","3,286,578",　　備供出售金融資產之已實現損益,　　Realized Gain or Loss on Available-for-Sale Financial Assets,"272,088","-1,171","395,704","2,276,138",,　　備供出售金融資產之已實現損益,　　Realized Gain or Loss on Available-for-Sale Financial Assets,"159,961","64,441","95,520",-,-,
　　以成本衡量之金融資產之已實現損益,"　　Realized Gain or Loss on Financial Assets 
　　Measured at Cost","644,517","115,170","644,517","115,170",-,-,　　以成本衡量之金融資產之已實現損益,"　　Realized Gain or Loss on Financial Assets 
　　Measured at Cost","644,517",-,"37,892","2,064",-,　　以成本衡量之金融資產之已實現損益,"　　Realized Gain or Loss on Financial Assets 
　　Measured at Cost",-,-,"69,626","65,436",662,　　以成本衡量之金融資產之已實現損益,"　　Realized Gain or Loss on Financial Assets 
　　Measured at Cost","-12,822",-,"2,566","373,064","31,892",　　以成本衡量之金融資產之已實現損益,"　　Realized Gain or Loss on Financial Assets 
　　Measured at Cost",-,-,-,-,-,　　以成本衡量之金融資產之已實現損益,"　　Realized Gain or Loss on Financial Assets 
　　Measured at Cost",-,-,-,"74,137",,　　以成本衡量之金融資產之已實現損益,"　　Realized Gain or Loss on Financial Assets 
　　Measured at Cost",-,-,-,-,-,
　　無活絡市場之債券投資損益之已實現損益,"　　Realized Gain or Loss on Bond Investments
　　for which on Active Market Exists","28,045,800","21,603,742","28,045,800","21,603,742",-,-,　　無活絡市場之債券投資損益之已實現損益,"　　Realized Gain or Loss on Bond Investments
　　for which on Active Market Exists","28,045,800",-,"1,037,881",-,"8,911,444",　　無活絡市場之債券投資損益之已實現損益,"　　Realized Gain or Loss on Bond Investments
　　for which on Active Market Exists","2,107,244","4,318,292","8,001,183",-,-,　　無活絡市場之債券投資損益之已實現損益,"　　Realized Gain or Loss on Bond Investments
　　for which on Active Market Exists","501,782",23,62,"-317,760","447,167",　　無活絡市場之債券投資損益之已實現損益,"　　Realized Gain or Loss on Bond Investments
　　for which on Active Market Exists",-,"538,730",-,"38,158","486,610",　　無活絡市場之債券投資損益之已實現損益,"　　Realized Gain or Loss on Bond Investments
　　for which on Active Market Exists",-,-,-,"1,974,984",,　　無活絡市場之債券投資損益之已實現損益,"　　Realized Gain or Loss on Bond Investments
　　for which on Active Market Exists",-,-,-,-,-,
　　持有至到期日金融資產之已實現損益,　　Realized Gain or Loss on Held-to-Maturity Financial Assets,"1,022,975","779,480","1,022,975","779,480",-,-,　　持有至到期日金融資產之已實現損益,　　Realized Gain or Loss on Held-to-Maturity Financial Assets,"1,022,975",201,-,-,-,　　持有至到期日金融資產之已實現損益,　　Realized Gain or Loss on Held-to-Maturity Financial Assets,-,"42,128",-,-,-,　　持有至到期日金融資產之已實現損益,　　Realized Gain or Loss on Held-to-Maturity Financial Assets,-,"238,490",-,-,"-1,123",　　持有至到期日金融資產之已實現損益,　　Realized Gain or Loss on Held-to-Maturity Financial Assets,-,-,-,-,-,　　持有至到期日金融資產之已實現損益,　　Realized Gain or Loss on Held-to-Maturity Financial Assets,-,-,"-108,209","851,488",,　　持有至到期日金融資產之已實現損益,　　Realized Gain or Loss on Held-to-Maturity Financial Assets,-,-,-,-,-,
　　採用權益法之關聯企業及合資損益之份額,"　　Share of the Profit or Loss of Associates and
　　Joint Ventures Accounted Equity Method","635,308","-386,165","635,308","-386,165",-,-,　　採用權益法之關聯企業及合資損益之份額,"　　Share of the Profit or Loss of Associates and
　　Joint Ventures Accounted Equity Method","635,308","547,834","-160,533",-,"396,338",　　採用權益法之關聯企業及合資損益之份額,"　　Share of the Profit or Loss of Associates and
　　Joint Ventures Accounted Equity Method",-,-,"-30,909","-300,830",-,　　採用權益法之關聯企業及合資損益之份額,"　　Share of the Profit or Loss of Associates and
　　Joint Ventures Accounted Equity Method","110,834",-,-,-,"72,574",　　採用權益法之關聯企業及合資損益之份額,"　　Share of the Profit or Loss of Associates and
　　Joint Ventures Accounted Equity Method",-,-,-,-,-,　　採用權益法之關聯企業及合資損益之份額,"　　Share of the Profit or Loss of Associates and
　　Joint Ventures Accounted Equity Method",-,-,-,-,,　　採用權益法之關聯企業及合資損益之份額,"　　Share of the Profit or Loss of Associates and
　　Joint Ventures Accounted Equity Method",-,-,-,-,-,
　　兌換損益,　　realized foreign exchange gains and losses ,"272,707,280","92,125,286","272,035,949","91,828,160","671,331","297,126",　　兌換損益,　　realized foreign exchange gains and losses ,"272,035,949","6,350,767","8,776,768","298,317","51,993,213",　　兌換損益,　　realized foreign exchange gains and losses ,"18,681,389","56,252,372","38,546,852","35,618,394","777,013",　　兌換損益,　　realized foreign exchange gains and losses ,"9,419,312","688,140","-12,281","5,854,542","3,153,347",　　兌換損益,　　realized foreign exchange gains and losses ,"520,129","13,303,020","113,717","1,036,671","3,486,966",　　兌換損益,　　realized foreign exchange gains and losses ,"292,060",-403,"1,942,647","14,942,997",,　　兌換損益,　　realized foreign exchange gains and losses ,"671,331","549,981","117,540","3,810",-,
　　外匯價格變動準備金淨變動,　　Changes in provision for foreign exchange volatility reserve,"-27,049,341","-8,149,074","-27,056,179","-8,037,775","6,838","-111,299",　　外匯價格變動準備金淨變動,　　Changes in provision for foreign exchange volatility reserve,"-27,056,179","-936,354","-352,088","-409,236","-6,364,225",　　外匯價格變動準備金淨變動,　　Changes in provision for foreign exchange volatility reserve,"-2,489,805","-5,049,345","-4,033,378","-2,650,030","-182,773",　　外匯價格變動準備金淨變動,　　Changes in provision for foreign exchange volatility reserve,"-211,671","-247,866","-62,636","-485,678","-301,462",　　外匯價格變動準備金淨變動,　　Changes in provision for foreign exchange volatility reserve,"-5,386","-764,382","-18,589","-4,173","-422,987",　　外匯價格變動準備金淨變動,　　Changes in provision for foreign exchange volatility reserve,"-110,125","1,796","-225,284","-1,730,502",,　　外匯價格變動準備金淨變動,　　Changes in provision for foreign exchange volatility reserve,"6,838","15,668","6,185","-15,015",-,
　　投資性不動產(損)益,　　Gain(Loss) on Investment Property,"46,699,261","47,746,424","46,699,261","47,746,424",-,-,　　投資性不動產(損)益,　　Gain(Loss) on Investment Property,"46,699,261","136,319","517,492",-,"26,030,705",　　投資性不動產(損)益,　　Gain(Loss) on Investment Property,"1,097,790","3,488,343","4,215,569","4,541,061","39,020",　　投資性不動產(損)益,　　Gain(Loss) on Investment Property,"466,758","78,246","31,019","5,915,116","-97,145",　　投資性不動產(損)益,　　Gain(Loss) on Investment Property,-,"45,762",-,-,"4,708",　　投資性不動產(損)益,　　Gain(Loss) on Investment Property,"38,247",-,-,"150,251",,　　投資性不動產(損)益,　　Gain(Loss) on Investment Property,-,-,-,-,-,
　　投資減損損失及迴轉利益,　　Investment Impairment Losses and Reversals,"-3,294,709","-978,032","-3,294,709","-978,032",-,-,　　投資減損損失及迴轉利益,　　Investment Impairment Losses and Reversals,"-3,294,709",-,"-780,573",-,-,　　投資減損損失及迴轉利益,　　Investment Impairment Losses and Reversals,"-192,329",-,"-76,958","114,733","-520,379",　　投資減損損失及迴轉利益,　　Investment Impairment Losses and Reversals,-,"-20,762",2,"-734,142","-24,007",　　投資減損損失及迴轉利益,　　Investment Impairment Losses and Reversals,-,"-1,075,493",-,-,-,　　投資減損損失及迴轉利益,　　Investment Impairment Losses and Reversals,-,-,"15,199",-,,　　投資減損損失及迴轉利益,　　Investment Impairment Losses and Reversals,-,-,-,-,-,
　　其他淨投資(損)益,　　Other Investment Income(Loss),"-263,281","28,051","-263,281","28,051",-,-,　　其他淨投資(損)益,　　Other Investment Income(Loss),"-263,281",-,"11,846",-,-2,　　其他淨投資(損)益,　　Other Investment Income(Loss),-,-,-,"-280,510",-,　　其他淨投資(損)益,　　Other Investment Income(Loss),-,-,-,-,-,　　其他淨投資(損)益,　　Other Investment Income(Loss),-,-,-,734,-,　　其他淨投資(損)益,　　Other Investment Income(Loss),-1,-,-,"4,652",,　　其他淨投資(損)益,　　Other Investment Income(Loss),-,-,-,-,-,
　其他營業收入,　Other Operating Revenues,"1,053,938","629,270","1,016,552","580,739","37,386","48,531",　其他營業收入,　Other Operating Revenues,"1,016,552","11,354","5,107",387,-,　其他營業收入,　Other Operating Revenues,48,"4,117","433,494","182,585",249,　其他營業收入,　Other Operating Revenues,"63,407",418,"122,745","30,147","40,709",　其他營業收入,　Other Operating Revenues,-,"27,542","13,539","1,148","11,861",　其他營業收入,　Other Operating Revenues,"3,853",-,"22,528","41,314",,　其他營業收入,　Other Operating Revenues,"37,386",-,-,"37,386",-,
　分離帳戶保險商品收益,　Separate Account Products Revenues,"338,966,112","285,765,204","284,997,851","250,236,262","53,968,261","35,528,942",　分離帳戶保險商品收益,　Separate Account Products Revenues,"284,997,851","145,195","2,896,448","5,511,147","114,961,689",　分離帳戶保險商品收益,　Separate Account Products Revenues,"10,115,736","23,523,885","14,027,401","13,506,988",-,　分離帳戶保險商品收益,　Separate Account Products Revenues,"8,575,449","206,997","37,653","462,265","68,624",　分離帳戶保險商品收益,　Separate Account Products Revenues,"37,889,427",-,"12,370,000","28,777,341","2,805,654",　分離帳戶保險商品收益,　Separate Account Products Revenues,"2,740,039","2,641,476","372,930","3,361,507",,　分離帳戶保險商品收益,　Separate Account Products Revenues,"53,968,261","97,340","41,944,353","11,926,381",187,
營業成本,Operating Cost,"3,099,226,718","2,849,890,716","3,030,362,702","2,802,268,193","68,864,016","47,622,523",營業成本,Operating Cost,"3,030,362,702","46,522,525","80,111,896","28,640,578","715,252,009",營業成本,Operating Cost,"183,271,556","470,156,906","276,375,343","462,304,699","12,030,960",營業成本,Operating Cost,"147,578,785","5,731,051","8,944,208","41,853,075","27,110,743",營業成本,Operating Cost,"47,491,624","165,744,380","14,477,390","32,383,292","126,293,473",營業成本,Operating Cost,"16,064,170","8,433,924","16,351,130","97,238,985",,營業成本,Operating Cost,"68,864,016","6,551,063","49,347,236","12,952,169","13,548",
　保險賠款與給付,　Benefit Paid to Policyholders,"1,259,419,203","945,409,468","1,255,235,151","943,128,858","4,184,052","2,280,610",　保險賠款與給付,　Benefit Paid to Policyholders,"1,255,235,151","55,609,154","22,325,050","7,673,577","277,428,400",　保險賠款與給付,　Benefit Paid to Policyholders,"62,641,378","116,231,806","104,300,162","171,477,561","4,259,561",　保險賠款與給付,　Benefit Paid to Policyholders,"56,872,063","3,756,874","15,612,139","39,879,195","14,867,281",　保險賠款與給付,　Benefit Paid to Policyholders,"1,854,466","231,832,864","8,595,202","8,878,073","9,091,193",　保險賠款與給付,　Benefit Paid to Policyholders,"2,387,368","3,489,692","4,588,321","31,583,771",,　保險賠款與給付,　Benefit Paid to Policyholders,"4,184,052","1,723,480","2,345,113","115,459",-,
　再保賠款與給付,　Benefit Paid to Reinsurance,"500,847","506,502","500,843","506,467",4,35,　再保賠款與給付,　Benefit Paid to Reinsurance,"500,843","1,187",110,13,"140,227",　再保賠款與給付,　Benefit Paid to Reinsurance,53,-,"17,051","2,246",2,　再保賠款與給付,　Benefit Paid to Reinsurance,-,739,-,"1,264",-,　再保賠款與給付,　Benefit Paid to Reinsurance,3,-,-,-,-,　再保賠款與給付,　Benefit Paid to Reinsurance,"337,834",-,21,93,,　再保賠款與給付,　Benefit Paid to Reinsurance,4,4,-,-,-,
　壽險紅利給付,　Policyholders Dividends,"10,711,055","8,781,280","10,693,207","8,766,712","17,848","14,568",　壽險紅利給付,　Policyholders Dividends,"10,693,207","89,832","273,705","1,063,130","1,308,125",　壽險紅利給付,　Policyholders Dividends,"1,804,459","2,429,154","719,511","2,034,215","26,322",　壽險紅利給付,　Policyholders Dividends,"110,379","3,829","8,909","32,080",-,　壽險紅利給付,　Policyholders Dividends,"6,077","314,890",-,-,-,　壽險紅利給付,　Policyholders Dividends,"59,664",-,"82,027","326,899",,　壽險紅利給付,　Policyholders Dividends,"17,848","17,848",-,-,-,
　減：攤回再保賠款與給付,　Claims Recovered from Reinsurers,"24,915,725","32,842,508","24,526,555","32,591,299","389,170","251,209",　減：攤回再保賠款與給付,　Claims Recovered from Reinsurers,"24,526,555","15,156","1,565,128","174,302","4,734,747",　減：攤回再保賠款與給付,　Claims Recovered from Reinsurers,"536,724","3,997,354","837,170","3,646,603","825,830",　減：攤回再保賠款與給付,　Claims Recovered from Reinsurers,"3,572,594","56,540","61,495","2,476,160","226,240",　減：攤回再保賠款與給付,　Claims Recovered from Reinsurers,"393,448",-,"3,314","20,167","348,456",　減：攤回再保賠款與給付,　Claims Recovered from Reinsurers,"155,266","2,365","243,435","634,061",,　減：攤回再保賠款與給付,　Claims Recovered from Reinsurers,"389,170","226,782","141,124","21,264",-,
　自留保險賠款與給付,　Occurred claim,"1,245,715,379","921,854,742","1,241,902,645","919,810,738","3,812,734","2,044,004",　自留保險賠款與給付,　Occurred claim,"1,241,902,645","55,685,017","21,033,737","8,562,418","274,142,005",　自留保險賠款與給付,　Occurred claim,"63,909,166","114,663,606","104,199,554","169,867,419","3,460,055",　自留保險賠款與給付,　Occurred claim,"53,409,848","3,704,901","15,559,553","37,436,379","14,641,041",　自留保險賠款與給付,　Occurred claim,"1,467,098","232,147,754","8,591,888","8,857,906","8,742,737",　自留保險賠款與給付,　Occurred claim,"2,629,600","3,487,327","4,426,934","31,276,702",,　自留保險賠款與給付,　Occurred claim,"3,812,734","1,514,550","2,203,989","94,195",-,
　保險負債淨變動,　Provision(Recovery) for Insurance Liabilities,"1,355,936,384","1,496,143,510","1,351,436,640","1,491,195,903","4,499,744","4,947,607",　保險負債淨變動,　Provision(Recovery) for Insurance Liabilities,"1,351,436,640","-11,506,640","53,170,028","12,716,095","289,025,227",　保險負債淨變動,　Provision(Recovery) for Insurance Liabilities,"99,554,389","313,231,530","149,046,112","253,131,299","7,665,157",　保險負債淨變動,　Provision(Recovery) for Insurance Liabilities,"74,265,410","996,592","-7,166,608","79,778","11,576,233",　保險負債淨變動,　Provision(Recovery) for Insurance Liabilities,"4,907,183","-67,107,865","-7,100,719","-6,537,297","103,754,197",　保險負債淨變動,　Provision(Recovery) for Insurance Liabilities,"9,811,378","1,119,779","9,908,650","56,896,732",,　保險負債淨變動,　Provision(Recovery) for Insurance Liabilities,"4,499,744","3,922,696","506,444","70,604",-,
　　賠款準備淨變動,　　Provision(Recovery) for Claim Reserve,"685,420","1,846,559","635,020","1,853,439","50,400","-6,880",　　賠款準備淨變動,　　Provision(Recovery) for Claim Reserve,"635,020",988,-35,-174,"132,858",　　賠款準備淨變動,　　Provision(Recovery) for Claim Reserve,"31,754","599,407","59,530","-156,734","-13,593",　　賠款準備淨變動,　　Provision(Recovery) for Claim Reserve,"-18,972","-73,387","3,697","7,666","22,770",　　賠款準備淨變動,　　Provision(Recovery) for Claim Reserve,"-33,425","9,222","8,450","12,179","43,783",　　賠款準備淨變動,　　Provision(Recovery) for Claim Reserve,591,"11,464","3,662","-16,681",,　　賠款準備淨變動,　　Provision(Recovery) for Claim Reserve,"50,400","41,470","6,124","2,806",-,
　　責任準備淨變動,　　Provision(Recovery) for Life Insurance Reserve,"1,345,386,426","1,491,678,337","1,340,894,106","1,486,671,653","4,492,320","5,006,684",　　責任準備淨變動,　　Provision(Recovery) for Life Insurance Reserve,"1,340,894,106","-11,844,335","52,501,439","9,830,886","301,710,310",　　責任準備淨變動,　　Provision(Recovery) for Life Insurance Reserve,"96,814,357","309,239,011","145,560,338","248,647,158","7,791,848",　　責任準備淨變動,　　Provision(Recovery) for Life Insurance Reserve,"72,268,896","990,415","-7,149,651","-249,107","11,589,458",　　責任準備淨變動,　　Provision(Recovery) for Life Insurance Reserve,"4,938,650","-67,288,927","-7,106,994","-6,560,013","102,227,366",　　責任準備淨變動,　　Provision(Recovery) for Life Insurance Reserve,"9,808,175","1,057,899","9,075,479","57,041,448",,　　責任準備淨變動,　　Provision(Recovery) for Life Insurance Reserve,"4,492,320","3,924,905","500,449","66,966",-,
　　特別準備淨變動,　　Provision(Recovery) for Special Claim Reserve,"-3,570,911","-15,726,559","-3,570,911","-15,726,559",-,-,　　特別準備淨變動,　　Provision(Recovery) for Special Claim Reserve,"-3,570,911","49,510","115,740","2,957,430","-10,000,301",　　特別準備淨變動,　　Provision(Recovery) for Special Claim Reserve,"292,850","1,399,607","501,106","843,050",-,　　特別準備淨變動,　　Provision(Recovery) for Special Claim Reserve,"29,470","34,807",-,-,"5,501",　　特別準備淨變動,　　Provision(Recovery) for Special Claim Reserve,-,"200,319",-,-,-,　　特別準備淨變動,　　Provision(Recovery) for Special Claim Reserve,-,-,-,-,,　　特別準備淨變動,　　Provision(Recovery) for Special Claim Reserve,-,-,-,-,-,
　　保費不足準備淨變動,　　Provision(Recovery) for Deficiency Reserve,"13,703,256","14,363,890","13,746,232","14,416,088","-42,976","-52,198",　　保費不足準備淨變動,　　Provision(Recovery) for Deficiency Reserve,"13,746,232","287,197","552,884","-72,047","-2,817,640",　　保費不足準備淨變動,　　Provision(Recovery) for Deficiency Reserve,"2,415,428","1,993,505","2,925,138","3,797,825","-3,568",　　保費不足準備淨變動,　　Provision(Recovery) for Deficiency Reserve,"1,986,016","44,757","-19,978","321,219","-41,496",　　保費不足準備淨變動,　　Provision(Recovery) for Deficiency Reserve,"1,958","-28,479","-2,175","10,537","1,483,048",　　保費不足準備淨變動,　　Provision(Recovery) for Deficiency Reserve,"2,612","50,416","829,509","29,566",,　　保費不足準備淨變動,　　Provision(Recovery) for Deficiency Reserve,"-42,976","-43,679",-129,832,-,
　　負債適足準備淨變動,　　Provision(Recovery) for Liability adequacy Reserve,"-109,530","4,082,516","-109,530","4,082,516",-,-,　　負債適足準備淨變動,　　Provision(Recovery) for Liability adequacy Reserve,"-109,530",-,-,-,-,　　負債適足準備淨變動,　　Provision(Recovery) for Liability adequacy Reserve,-,-,-,-,"-109,530",　　負債適足準備淨變動,　　Provision(Recovery) for Liability adequacy Reserve,-,-,-,-,-,　　負債適足準備淨變動,　　Provision(Recovery) for Liability adequacy Reserve,-,-,-,-,-,　　負債適足準備淨變動,　　Provision(Recovery) for Liability adequacy Reserve,-,-,-,-,,　　負債適足準備淨變動,　　Provision(Recovery) for Liability adequacy Reserve,-,-,-,-,-,
　　其他準備淨變動,　　Provision(Recovery) for Other Reserve,"-158,277","-101,234","-158,277","-101,234",-,-,　　其他準備淨變動,　　Provision(Recovery) for Other Reserve,"-158,277",-,-,-,-,　　其他準備淨變動,　　Provision(Recovery) for Other Reserve,-,-,-,-,-,　　其他準備淨變動,　　Provision(Recovery) for Other Reserve,-,-,-676,-,-,　　其他準備淨變動,　　Provision(Recovery) for Other Reserve,-,-,-,-,-,　　其他準備淨變動,　　Provision(Recovery) for Other Reserve,-,-,-,"-157,601",,　　其他準備淨變動,　　Provision(Recovery) for Other Reserve,-,-,-,-,-,
　具金融商品性質之保險契約準備淨變動,"　Provision(Recovery) for Reserve of the insurance 
　contract with the nature of financial products      ","2,814,634","3,320,816","2,813,727","3,318,926",907,"1,890",　具金融商品性質之保險契約準備淨變動,"　Provision(Recovery) for Reserve of the insurance 
　contract with the nature of financial products      ","2,813,727",-,-,-,"840,737",　具金融商品性質之保險契約準備淨變動,"　Provision(Recovery) for Reserve of the insurance 
　contract with the nature of financial products      ",606,-,-,"1,533,318",-,　具金融商品性質之保險契約準備淨變動,"　Provision(Recovery) for Reserve of the insurance 
　contract with the nature of financial products      ","79,627",-,384,"104,955",-,　具金融商品性質之保險契約準備淨變動,"　Provision(Recovery) for Reserve of the insurance 
　contract with the nature of financial products      ",-,-,-,"198,647","2,113",　具金融商品性質之保險契約準備淨變動,"　Provision(Recovery) for Reserve of the insurance 
　contract with the nature of financial products      ",395,-,-,"52,945",,　具金融商品性質之保險契約準備淨變動,"　Provision(Recovery) for Reserve of the insurance 
　contract with the nature of financial products      ",907,-,589,462,-144,
　承保費用支出,　Acquisition Expenses,"16,523,782","16,530,711","16,443,098","16,481,257","80,684","49,454",　承保費用支出,　Acquisition Expenses,"16,443,098",469,"3,633",321,"16,240,573",　承保費用支出,　Acquisition Expenses,"8,384","21,930","19,341","35,347",522,　承保費用支出,　Acquisition Expenses,"46,045",694,371,"5,730",-,　承保費用支出,　Acquisition Expenses,"2,532",-,314,"31,331",967,　承保費用支出,　Acquisition Expenses,"4,327",55,"2,166","18,046",,　承保費用支出,　Acquisition Expenses,"80,684","79,224","1,460",-,-,
　佣金費用,　Commission Expenses,"131,001,015","118,794,542","124,559,228","113,786,556","6,441,787","5,007,986",　佣金費用,　Commission Expenses,"124,559,228","1,858,226","2,536,398","1,816,836","15,974,575",　佣金費用,　Commission Expenses,"9,503,709","18,208,843","8,612,736","23,194,143","892,694",　佣金費用,　Commission Expenses,"11,018,701","801,804","504,050","3,690,812","796,280",　佣金費用,　Commission Expenses,"3,140,940","486,901","613,589","1,014,438","10,847,406",　佣金費用,　Commission Expenses,"864,155","1,157,998","1,623,789","5,400,205",,　佣金費用,　Commission Expenses,"6,441,787","922,653","4,656,015","855,311","7,808",
　其他營業成本,　Other Operating expenses,"7,898,197","7,487,758","7,838,298","7,445,118","59,899","42,640",　其他營業成本,　Other Operating expenses,"7,838,298","340,258","433,221","33,761","3,961,373",　其他營業成本,　Other Operating expenses,"161,265","481,811","287,052","1,035,980","12,532",　其他營業成本,　Other Operating expenses,"183,705","20,063","8,805","73,156","28,565",　其他營業成本,　Other Operating expenses,"84,444","217,590","2,318","40,926","140,399",　其他營業成本,　Other Operating expenses,"14,276","27,289","16,661","232,848",,　其他營業成本,　Other Operating expenses,"59,899","14,600","34,386","5,216","5,697",
　財務成本,　Finance Costs,"371,215","-6,567","371,215","-6,567",-,-,　財務成本,　Finance Costs,"371,215",-,"38,431",-,"105,830",　財務成本,　Finance Costs,"18,301","25,301","183,147",205,-,　財務成本,　Finance Costs,-,-,-,-,-,　財務成本,　Finance Costs,-,-,-,-,-,　財務成本,　Finance Costs,-,-,-,-,,　財務成本,　Finance Costs,-,-,-,-,-,
　分離帳戶保險商品費用,　Separate Account Products Expenses,"338,966,112","285,765,204","284,997,851","250,236,262","53,968,261","35,528,942",　分離帳戶保險商品費用,　Separate Account Products Expenses,"284,997,851","145,195","2,896,448","5,511,147","114,961,689",　分離帳戶保險商品費用,　Separate Account Products Expenses,"10,115,736","23,523,885","14,027,401","13,506,988",-,　分離帳戶保險商品費用,　Separate Account Products Expenses,"8,575,449","206,997","37,653","462,265","68,624",　分離帳戶保險商品費用,　Separate Account Products Expenses,"37,889,427",-,"12,370,000","28,777,341","2,805,654",　分離帳戶保險商品費用,　Separate Account Products Expenses,"2,740,039","2,641,476","372,930","3,361,507",,　分離帳戶保險商品費用,　Separate Account Products Expenses,"53,968,261","97,340","41,944,353","11,926,381",187,
營業費用,Operating Expenses ,"100,457,118","93,451,689","97,133,421","90,489,129","3,323,697","2,962,560",營業費用,Operating Expenses ,"97,133,421","872,041","3,267,329","2,084,689","15,343,740",營業費用,Operating Expenses ,"3,522,055","19,761,336","14,523,431","13,533,344","439,865",營業費用,Operating Expenses ,"4,757,177","285,386","682,775","1,758,448","585,671",營業費用,Operating Expenses ,"1,620,922","2,765,586","420,142","545,291","2,211,360",營業費用,Operating Expenses ,"1,624,267","2,404,783","956,194","3,167,589",,營業費用,Operating Expenses ,"3,323,697","1,538,757","1,193,319","525,077","66,544",
營業外收入費用,Non-operating income(Loss),"3,060,096","2,295,268","3,041,385","2,245,092","18,711","50,176",營業外收入費用,Non-operating income(Loss),"3,041,385","-50,890","-19,742","-13,433","1,505,533",營業外收入費用,Non-operating income(Loss),"185,507","20,655","646,103","221,435","3,617",營業外收入費用,Non-operating income(Loss),"-77,982","2,276",361,"89,101","100,573",營業外收入費用,Non-operating income(Loss),"16,704",372,674,-,"208,672",營業外收入費用,Non-operating income(Loss),"16,465","10,045",302,"175,037",,營業外收入費用,Non-operating income(Loss),"18,711","-17,032","36,055",8,-320,
　營業外收入及利益,　Non-operating income,"2,450,065","2,211,893","2,413,968","2,155,769","36,097","56,124",　營業外收入及利益,　Non-operating income,"2,413,968","50,238","56,619","13,906","253,675",　營業外收入及利益,　Non-operating income,"200,223","31,783","698,699","402,499","4,443",　營業外收入及利益,　Non-operating income,"50,204","2,314",361,"92,447","100,573",　營業外收入及利益,　Non-operating income,"21,573","4,985",674,-,"217,551",　營業外收入及利益,　Non-operating income,"19,867","10,045","6,252","175,037",,　營業外收入及利益,　Non-operating income,"36,097",-,"36,089",8,-,
　營業外費用及損失,　Non-operating expenses,"-610,031","-83,375","-627,417","-89,323","17,386","5,948",　營業外費用及損失,　Non-operating expenses,"-627,417","101,128","76,361","27,339","-1,251,858",　營業外費用及損失,　Non-operating expenses,"14,716","11,128","52,596","181,064",826,　營業外費用及損失,　Non-operating expenses,"128,186",38,-,"3,346",-,　營業外費用及損失,　Non-operating expenses,"4,869","4,613",-,-,"8,879",　營業外費用及損失,　Non-operating expenses,"3,402",-,"5,950",-,,　營業外費用及損失,　Non-operating expenses,"17,386","17,032",34,-,320,
繼續營業單位稅前純益（損益）,Continuing Operating Income before Tax,"113,841,866","83,643,739","115,373,884","85,077,169","-1,532,018","-1,433,430",繼續營業單位稅前純益（損益）,Continuing Operating Income before Tax,"115,373,884","-840,798","2,184,870","508,981","34,435,207",繼續營業單位稅前純益（損益）,Continuing Operating Income before Tax,"7,023,086","22,992,326","3,027,398","41,296,263","-3,423,549",繼續營業單位稅前純益（損益）,Continuing Operating Income before Tax,"2,308,990","750,572","-1,784,060","4,070,081","-910,288",繼續營業單位稅前純益（損益）,Continuing Operating Income before Tax,"-347,723","-249,168","-14,409","382,796","1,589,557",繼續營業單位稅前純益（損益）,Continuing Operating Income before Tax,"728,387","529,981","-385,940","1,501,324",,繼續營業單位稅前純益（損益）,Continuing Operating Income before Tax,"-1,532,018","-567,593","-1,056,160","160,949","-69,214",
所得稅費用（利益）,Income Tax Expense (Benefit),"11,399,351","4,353,700","11,696,787","4,578,203","-297,436","-224,503",所得稅費用（利益）,Income Tax Expense (Benefit),"11,696,787","-23,772","371,286","-101,292","2,656,244",所得稅費用（利益）,Income Tax Expense (Benefit),"511,127","1,715,029","1,339,331","5,929,142","-5,033",所得稅費用（利益）,Income Tax Expense (Benefit),"-102,682","12,101","-12,210","28,971",-,所得稅費用（利益）,Income Tax Expense (Benefit),"-76,529","-615,811",470,"8,366","12,436",所得稅費用（利益）,Income Tax Expense (Benefit),"87,193","91,851","-134,495","5,064",,所得稅費用（利益）,Income Tax Expense (Benefit),"-297,436","-97,041","-200,387",-8,-,
繼續營業單位本期淨利（淨損）,Net Profit or Loss of Continuing operations,"102,442,516","79,290,039","103,677,097","80,498,966","-1,234,581","-1,208,927",繼續營業單位本期淨利（淨損）,Net Profit or Loss of Continuing operations,"103,677,097","-817,026","1,813,584","610,273","31,778,963",繼續營業單位本期淨利（淨損）,Net Profit or Loss of Continuing operations,"6,511,959","21,277,297","1,688,067","35,367,121","-3,418,516",繼續營業單位本期淨利（淨損）,Net Profit or Loss of Continuing operations,"2,411,672","738,471","-1,771,850","4,041,110","-910,288",繼續營業單位本期淨利（淨損）,Net Profit or Loss of Continuing operations,"-271,194","366,643","-14,879","374,430","1,577,121",繼續營業單位本期淨利（淨損）,Net Profit or Loss of Continuing operations,"641,194","438,130","-251,445","1,496,260",,繼續營業單位本期淨利（淨損）,Net Profit or Loss of Continuing operations,"-1,234,581","-470,552","-855,773","160,958","-69,214",
停業單位損益,Profit or Loss of Discontinued Operations,-,-,-,-,-,-,停業單位損益,Profit or Loss of Discontinued Operations,-,-,-,-,-,停業單位損益,Profit or Loss of Discontinued Operations,-,-,-,-,-,停業單位損益,Profit or Loss of Discontinued Operations,-,-,-,-,-,停業單位損益,Profit or Loss of Discontinued Operations,-,-,-,-,-,停業單位損益,Profit or Loss of Discontinued Operations,-,-,-,-,,停業單位損益,Profit or Loss of Discontinued Operations,-,-,-,-,-,
本期其他綜合損益（稅後淨額）,Other Comprehensive Income（Post-tax）,"62,321,723","-125,921,266","61,220,842","-124,482,610","1,100,881","-1,438,656",本期其他綜合損益（稅後淨額）,Other Comprehensive Income（Post-tax）,"61,220,842","1,299,419","1,020,044","-214,207","22,695,178",本期其他綜合損益（稅後淨額）,Other Comprehensive Income（Post-tax）,"6,427,202","-543,400","3,074,821","19,861,297","-444,670",本期其他綜合損益（稅後淨額）,Other Comprehensive Income（Post-tax）,"1,293,584","-287,770","192,591","351,238","58,273",本期其他綜合損益（稅後淨額）,Other Comprehensive Income（Post-tax）,"268,893","1,589,093","-77,163","298,825","2,497,824",本期其他綜合損益（稅後淨額）,Other Comprehensive Income（Post-tax）,"227,578","-73,268","-142,821","1,848,281",,本期其他綜合損益（稅後淨額）,Other Comprehensive Income（Post-tax）,"1,100,881","1,116,034","-8,122","-7,031",-,
本期綜合損益總額 ,Total Comprehensive Income,"164,764,239","-46,631,227","164,897,939","-43,983,644","-133,700","-2,647,583",本期綜合損益總額 ,Total Comprehensive Income,"164,897,939","482,393","2,833,628","396,066","54,474,141",本期綜合損益總額 ,Total Comprehensive Income,"12,939,161","20,733,897","4,762,888","55,228,418","-3,863,186",本期綜合損益總額 ,Total Comprehensive Income,"3,705,256","450,701","-1,579,259","4,392,348","-852,015",本期綜合損益總額 ,Total Comprehensive Income,"-2,301","1,955,736","-92,042","673,255","4,074,945",本期綜合損益總額 ,Total Comprehensive Income,"868,772","364,862","-394,266","3,344,541",,本期綜合損益總額 ,Total Comprehensive Income,"-133,700","645,482","-863,895","153,927","-69,214",
,,,,,,,,,,,,,,,,,,,,,,,,,,,,,,,,,,,,,,,,,,,,,,,,,,
　,2.90、91年度不含國華人壽保險公司資料。,,,,,,,,,,,,,,,,,,,,,,,,,,,,,,,,,,,,,,,,,,,,,,,,,
,,,,,,,,,,,,,,,,,,,,,,,,,,,,,,,,,,,,,,,,,,,,,,,,,,
,,,,,,,,,,,,,,,,,,,,,,,,,,,,,,,,,,,,,,,,,,,,,,,,,,
,,,,,,,,,,,,,,,,,,,,,,,,,,,,,,,,,,,,,,,,,,,,,,,,,,
,,,,,,,,,,,,,,,,,,,,,,,,,,,,,,,,,,,,,,,,,,,,,,,,,,
,,,,,,,,,,,,,,,,,,,,,,,,,,,,,,,,,,,,,,,,,,,,,,,,,,
,,,,,,,,,,,,,,,,,,,,,,,,,,,,,,,,,,,,,,,,,,,,,,,,,,
,,,,,,,,,,,,,,,,,,,,,,,,,,,,,,,,,,,,,,,,,,,,,,,,,,
,,,,,,,,,,,,,,,,,,,,,,,,,,,,,,,,,,,,,,,,,,,,,,,,,,
,,,,,,,,,,,,,,,,,,,,,,,,,,,,,,,,,,,,,,,,,,,,,,,,,,
,,,,,,,,,,,,,,,,,,,,,,,,,,,,,,,,,,,,,,,,,,,,,,,,,,
,,,,,,,,,,,,,,,,,,,,,,,,,,,,,,,,,,,,,,,,,,,,,,,,,,
,,,,,,,,,,,,,,,,,,,,,,,,,,,,,,,,,,,,,,,,,,,,,,,,,,
,,,,,,,,,,,,,,,,,,,,,,,,,,,,,,,,,,,,,,,,,,,,,,,,,,
,,,,,,,,,,,,,,,,,,,,,,,,,,,,,,,,,,,,,,,,,,,,,,,,,,
,,,,,,,,,,,,,,,,,,,,,,,,,,,,,,,,,,,,,,,,,,,,,,,,,,
,,,,,,,,,,,,,,,,,,,,,,,,,,,,,,,,,,,,,,,,,,,,,,,,,,
,,,,,,,,,,,,,,,,,,,,,,,,,,,,,,,,,,,,,,,,,,,,,,,,,,
,,,,,,,,,,,,,,,,,,,,,,,,,,,,,,,,,,,,,,,,,,,,,,,,,,
,,,,,,,,,,,,,,,,,,,,,,,,,,,,,,,,,,,,,,,,,,,,,,,,,,
,,,,,,,,,,,,,,,,,,,,,,,,,,,,,,,,,,,,,,,,,,,,,,,,,,
,,,,,,,,,,,,,,,,,,,,,,,,,,,,,,,,,,,,,,,,,,,,,,,,,,
,,,,,,,,,,,,,,,,,,,,,,,,,,,,,,,,,,,,,,,,,,,,,,,,,,
,,,,,,,,,,,,,,,,,,,,,,,,,,,,,,,,,,,,,,,,,,,,,,,,,,
,,,,,,,,,,,,,,,,,,,,,,,,,,,,,,,,,,,,,,,,,,,,,,,,,,
,,,,,,,,,,,,,,,,,,,,,,,,,,,,,,,,,,,,,,,,,,,,,,,,,,
,,,,,,,,,,,,,,,,,,,,,,,,,,,,,,,,,,,,,,,,,,,,,,,,,,
,,,,,,,,,,,,,,,,,,,,,,,,,,,,,,,,,,,,,,,,,,,,,,,,,,
,,,,,,,,,,,,,,,,,,,,,,,,,,,,,,,,,,,,,,,,,,,,,,,,,,
,,,,,,,,,,,,,,,,,,,,,,,,,,,,,,,,,,,,,,,,,,,,,,,,,,
,,,,,,,,,,,,,,,,,,,,,,,,,,,,,,,,,,,,,,,,,,,,,,,,,,
,,,,,,,,,,,,,,,,,,,,,,,,,,,,,,,,,,,,,,,,,,,,,,,,,,
,,,,,,,,,,,,,,,,,,,,,,,,,,,,,,,,,,,,,,,,,,,,,,,,,,
,,,,,,,,,,,,,,,,,,,,,,,,,,,,,,,,,,,,,,,,,,,,,,,,,,
,,,,,,,,,,,,,,,,,,,,,,,,,,,,,,,,,,,,,,,,,,,,,,,,,,
,,,,,,,,,,,,,,,,,,,,,,,,,,,,,,,,,,,,,,,,,,,,,,,,,,
,,,,,,,,,,,,,,,,,,,,,,,,,,,,,,,,,,,,,,,,,,,,,,,,,,
,,,,,,,,,,,,,,,,,,,,,,,,,,,,,,,,,,,,,,,,,,,,,,,,,,
,,,,,,,,,,,,,,,,,,,,,,,,,,,,,,,,,,,,,,,,,,,,,,,,,,
,,,,,,,,,,,,,,,,,,,,,,,,,,,,,,,,,,,,,,,,,,,,,,,,,,
,,,,,,,,,,,,,,,,,,,,,,,,,,,,,,,,,,,,,,,,,,,,,,,,,,
,,,,,,,,,,,,,,,,,,,,,,,,,,,,,,,,,,,,,,,,,,,,,,,,,,
,,,,,,,,,,,,,,,,,,,,,,,,,,,,,,,,,,,,,,,,,,,,,,,,,,
,,,,,,,,,,,,,,,,,,,,,,,,,,,,,,,,,,,,,,,,,,,,,,,,,,
,,,,,,,,,,,,,,,,,,,,,,,,,,,,,,,,,,,,,,,,,,,,,,,,,,
,,,,,,,,,,,,,,,,,,,,,,,,,,,,,,,,,,,,,,,,,,,,,,,,,,
,,,,,,,,,,,,,,,,,,,,,,,,,,,,,,,,,,,,,,,,,,,,,,,,,,
,,,,,,,,,,,,,,,,,,,,,,,,,,,,,,,,,,,,,,,,,,,,,,,,,,
,,,,,,,,,,,,,,,,,,,,,,,,,,,,,,,,,,,,,,,,,,,,,,,,,,
,,,,,,,,,,,,,,,,,,,,,,,,,,,,,,,,,,,,,,,,,,,,,,,,,,
,,,,,,,,,,,,,,,,,,,,,,,,,,,,,,,,,,,,,,,,,,,,,,,,,,
,,,,,,,,,,,,,,,,,,,,,,,,,,,,,,,,,,,,,,,,,,,,,,,,,,
,,,,,,,,,,,,,,,,,,,,,,,,,,,,,,,,,,,,,,,,,,,,,,,,,,
,,,,,,,,,,,,,,,,,,,,,,,,,,,,,,,,,,,,,,,,,,,,,,,,,,
,,,,,,,,,,,,,,,,,,,,,,,,,,,,,,,,,,,,,,,,,,,,,,,,,,
,,,,,,,,,,,,,,,,,,,,,,,,,,,,,,,,,,,,,,,,,,,,,,,,,,
,,,,,,,,,,,,,,,,,,,,,,,,,,,,,,,,,,,,,,,,,,,,,,,,,,
,,,,,,,,,,,,,,,,,,,,,,,,,,,,,,,,,,,,,,,,,,,,,,,,,,
,,,,,,,,,,,,,,,,,,,,,,,,,,,,,,,,,,,,,,,,,,,,,,,,,,
,,,,,,,,,,,,,,,,,,,,,,,,,,,,,,,,,,,,,,,,,,,,,,,,,,
,,,,,,,,,,,,,,,,,,,,,,,,,,,,,,,,,,,,,,,,,,,,,,,,,,
,,,,,,,,,,,,,,,,,,,,,,,,,,,,,,,,,,,,,,,,,,,,,,,,,,
,,,,,,,,,,,,,,,,,,,,,,,,,,,,,,,,,,,,,,,,,,,,,,,,,,
,,,,,,,,,,,,,,,,,,,,,,,,,,,,,,,,,,,,,,,,,,,,,,,,,,
,,,,,,,,,,,,,,,,,,,,,,,,,,,,,,,,,,,,,,,,,,,,,,,,,,
,,,,,,,,,,,,,,,,,,,,,,,,,,,,,,,,,,,,,,,,,,,,,,,,,,
,,,,,,,,,,,,,,,,,,,,,,,,,,,,,,,,,,,,,,,,,,,,,,,,,,
,,,,,,,,,,,,,,,,,,,,,,,,,,,,,,,,,,,,,,,,,,,,,,,,,,
,,,,,,,,,,,,,,,,,,,,,,,,,,,,,,,,,,,,,,,,,,,,,,,,,,
,,,,,,,,,,,,,,,,,,,,,,,,,,,,,,,,,,,,,,,,,,,,,,,,,,
,,,,,,,,,,,,,,,,,,,,,,,,,,,,,,,,,,,,,,,,,,,,,,,,,,
,,,,,,,,,,,,,,,,,,,,,,,,,,,,,,,,,,,,,,,,,,,,,,,,,,
,,,,,,,,,,,,,,,,,,,,,,,,,,,,,,,,,,,,,,,,,,,,,,,,,,
,,,,,,,,,,,,,,,,,,,,,,,,,,,,,,,,,,,,,,,,,,,,,,,,,,
,,,,,,,,,,,,,,,,,,,,,,,,,,,,,,,,,,,,,,,,,,,,,,,,,,
,,,,,,,,,,,,,,,,,,,,,,,,,,,,,,,,,,,,,,,,,,,,,,,,,,
,,,,,,,,,,,,,,,,,,,,,,,,,,,,,,,,,,,,,,,,,,,,,,,,,,
,,,,,,,,,,,,,,,,,,,,,,,,,,,,,,,,,,,,,,,,,,,,,,,,,,
,,,,,,,,,,,,,,,,,,,,,,,,,,,,,,,,,,,,,,,,,,,,,,,,,,
,,,,,,,,,,,,,,,,,,,,,,,,,,,,,,,,,,,,,,,,,,,,,,,,,,
,,,,,,,,,,,,,,,,,,,,,,,,,,,,,,,,,,,,,,,,,,,,,,,,,,
,,,,,,,,,,,,,,,,,,,,,,,,,,,,,,,,,,,,,,,,,,,,,,,,,,
,,,,,,,,,,,,,,,,,,,,,,,,,,,,,,,,,,,,,,,,,,,,,,,,,,
,,,,,,,,,,,,,,,,,,,,,,,,,,,,,,,,,,,,,,,,,,,,,,,,,,
,,,,,,,,,,,,,,,,,,,,,,,,,,,,,,,,,,,,,,,,,,,,,,,,,,
,,,,,,,,,,,,,,,,,,,,,,,,,,,,,,,,,,,,,,,,,,,,,,,,,,
,,,,,,,,,,,,,,,,,,,,,,,,,,,,,,,,,,,,,,,,,,,,,,,,,,
,,,,,,,,,,,,,,,,,,,,,,,,,,,,,,,,,,,,,,,,,,,,,,,,,,
,,,,,,,,,,,,,,,,,,,,,,,,,,,,,,,,,,,,,,,,,,,,,,,,,,
,,,,,,,,,,,,,,,,,,,,,,,,,,,,,,,,,,,,,,,,,,,,,,,,,,
,,,,,,,,,,,,,,,,,,,,,,,,,,,,,,,,,,,,,,,,,,,,,,,,,,
,,,,,,,,,,,,,,,,,,,,,,,,,,,,,,,,,,,,,,,,,,,,,,,,,,
,,,,,,,,,,,,,,,,,,,,,,,,,,,,,,,,,,,,,,,,,,,,,,,,,,
,,,,,,,,,,,,,,,,,,,,,,,,,,,,,,,,,,,,,,,,,,,,,,,,,,
,,,,,,,,,,,,,,,,,,,,,,,,,,,,,,,,,,,,,,,,,,,,,,,,,,
,,,,,,,,,,,,,,,,,,,,,,,,,,,,,,,,,,,,,,,,,,,,,,,,,,
,,,,,,,,,,,,,,,,,,,,,,,,,,,,,,,,,,,,,,,,,,,,,,,,,,
,,,,,,,,,,,,,,,,,,,,,,,,,,,,,,,,,,,,,,,,,,,,,,,,,,
,,,,,,,,,,,,,,,,,,,,,,,,,,,,,,,,,,,,,,,,,,,,,,,,,,
,,,,,,,,,,,,,,,,,,,,,,,,,,,,,,,,,,,,,,,,,,,,,,,,,,
,,,,,,,,,,,,,,,,,,,,,,,,,,,,,,,,,,,,,,,,,,,,,,,,,,
,,,,,,,,,,,,,,,,,,,,,,,,,,,,,,,,,,,,,,,,,,,,,,,,,,
,,,,,,,,,,,,,,,,,,,,,,,,,,,,,,,,,,,,,,,,,,,,,,,,,,
,,,,,,,,,,,,,,,,,,,,,,,,,,,,,,,,,,,,,,,,,,,,,,,,,,
,,,,,,,,,,,,,,,,,,,,,,,,,,,,,,,,,,,,,,,,,,,,,,,,,,
,,,,,,,,,,,,,,,,,,,,,,,,,,,,,,,,,,,,,,,,,,,,,,,,,,
,,,,,,,,,,,,,,,,,,,,,,,,,,,,,,,,,,,,,,,,,,,,,,,,,,
,,,,,,,,,,,,,,,,,,,,,,,,,,,,,,,,,,,,,,,,,,,,,,,,,,
,,,,,,,,,,,,,,,,,,,,,,,,,,,,,,,,,,,,,,,,,,,,,,,,,,
,,,,,,,,,,,,,,,,,,,,,,,,,,,,,,,,,,,,,,,,,,,,,,,,,,
,,,,,,,,,,,,,,,,,,,,,,,,,,,,,,,,,,,,,,,,,,,,,,,,,,
,,,,,,,,,,,,,,,,,,,,,,,,,,,,,,,,,,,,,,,,,,,,,,,,,,
,,,,,,,,,,,,,,,,,,,,,,,,,,,,,,,,,,,,,,,,,,,,,,,,,,
,,,,,,,,,,,,,,,,,,,,,,,,,,,,,,,,,,,,,,,,,,,,,,,,,,
,,,,,,,,,,,,,,,,,,,,,,,,,,,,,,,,,,,,,,,,,,,,,,,,,,
,,,,,,,,,,,,,,,,,,,,,,,,,,,,,,,,,,,,,,,,,,,,,,,,,,
,,,,,,,,,,,,,,,,,,,,,,,,,,,,,,,,,,,,,,,,,,,,,,,,,,
,,,,,,,,,,,,,,,,,,,,,,,,,,,,,,,,,,,,,,,,,,,,,,,,,,
,,,,,,,,,,,,,,,,,,,,,,,,,,,,,,,,,,,,,,,,,,,,,,,,,,
,,,,,,,,,,,,,,,,,,,,,,,,,,,,,,,,,,,,,,,,,,,,,,,,,,
,,,,,,,,,,,,,,,,,,,,,,,,,,,,,,,,,,,,,,,,,,,,,,,,,,
,,,,,,,,,,,,,,,,,,,,,,,,,,,,,,,,,,,,,,,,,,,,,,,,,,
,,,,,,,,,,,,,,,,,,,,,,,,,,,,,,,,,,,,,,,,,,,,,,,,,,
,,,,,,,,,,,,,,,,,,,,,,,,,,,,,,,,,,,,,,,,,,,,,,,,,,
,,,,,,,,,,,,,,,,,,,,,,,,,,,,,,,,,,,,,,,,,,,,,,,,,,
,,,,,,,,,,,,,,,,,,,,,,,,,,,,,,,,,,,,,,,,,,,,,,,,,,
,,,,,,,,,,,,,,,,,,,,,,,,,,,,,,,,,,,,,,,,,,,,,,,,,,
,,,,,,,,,,,,,,,,,,,,,,,,,,,,,,,,,,,,,,,,,,,,,,,,,,
,,,,,,,,,,,,,,,,,,,,,,,,,,,,,,,,,,,,,,,,,,,,,,,,,,
,,,,,,,,,,,,,,,,,,,,,,,,,,,,,,,,,,,,,,,,,,,,,,,,,,
,,,,,,,,,,,,,,,,,,,,,,,,,,,,,,,,,,,,,,,,,,,,,,,,,,
,,,,,,,,,,,,,,,,,,,,,,,,,,,,,,,,,,,,,,,,,,,,,,,,,,
,,,,,,,,,,,,,,,,,,,,,,,,,,,,,,,,,,,,,,,,,,,,,,,,,,
,,,,,,,,,,,,,,,,,,,,,,,,,,,,,,,,,,,,,,,,,,,,,,,,,,
,,,,,,,,,,,,,,,,,,,,,,,,,,,,,,,,,,,,,,,,,,,,,,,,,,
,,,,,,,,,,,,,,,,,,,,,,,,,,,,,,,,,,,,,,,,,,,,,,,,,,
,,,,,,,,,,,,,,,,,,,,,,,,,,,,,,,,,,,,,,,,,,,,,,,,,,
,,,,,,,,,,,,,,,,,,,,,,,,,,,,,,,,,,,,,,,,,,,,,,,,,,
,,,,,,,,,,,,,,,,,,,,,,,,,,,,,,,,,,,,,,,,,,,,,,,,,,
,,,,,,,,,,,,,,,,,,,,,,,,,,,,,,,,,,,,,,,,,,,,,,,,,,
,,,,,,,,,,,,,,,,,,,,,,,,,,,,,,,,,,,,,,,,,,,,,,,,,,
,,,,,,,,,,,,,,,,,,,,,,,,,,,,,,,,,,,,,,,,,,,,,,,,,,
,,,,,,,,,,,,,,,,,,,,,,,,,,,,,,,,,,,,,,,,,,,,,,,,,,
,,,,,,,,,,,,,,,,,,,,,,,,,,,,,,,,,,,,,,,,,,,,,,,,,,
,,,,,,,,,,,,,,,,,,,,,,,,,,,,,,,,,,,,,,,,,,,,,,,,,,
,,,,,,,,,,,,,,,,,,,,,,,,,,,,,,,,,,,,,,,,,,,,,,,,,,
,,,,,,,,,,,,,,,,,,,,,,,,,,,,,,,,,,,,,,,,,,,,,,,,,,
,,,,,,,,,,,,,,,,,,,,,,,,,,,,,,,,,,,,,,,,,,,,,,,,,,
,,,,,,,,,,,,,,,,,,,,,,,,,,,,,,,,,,,,,,,,,,,,,,,,,,
,,,,,,,,,,,,,,,,,,,,,,,,,,,,,,,,,,,,,,,,,,,,,,,,,,
,,,,,,,,,,,,,,,,,,,,,,,,,,,,,,,,,,,,,,,,,,,,,,,,,,
,,,,,,,,,,,,,,,,,,,,,,,,,,,,,,,,,,,,,,,,,,,,,,,,,,
,,,,,,,,,,,,,,,,,,,,,,,,,,,,,,,,,,,,,,,,,,,,,,,,,,
,,,,,,,,,,,,,,,,,,,,,,,,,,,,,,,,,,,,,,,,,,,,,,,,,,
,,,,,,,,,,,,,,,,,,,,,,,,,,,,,,,,,,,,,,,,,,,,,,,,,,
,,,,,,,,,,,,,,,,,,,,,,,,,,,,,,,,,,,,,,,,,,,,,,,,,,
,,,,,,,,,,,,,,,,,,,,,,,,,,,,,,,,,,,,,,,,,,,,,,,,,,
,,,,,,,,,,,,,,,,,,,,,,,,,,,,,,,,,,,,,,,,,,,,,,,,,,
,,,,,,,,,,,,,,,,,,,,,,,,,,,,,,,,,,,,,,,,,,,,,,,,,,
,,,,,,,,,,,,,,,,,,,,,,,,,,,,,,,,,,,,,,,,,,,,,,,,,,
,,,,,,,,,,,,,,,,,,,,,,,,,,,,,,,,,,,,,,,,,,,,,,,,,,
,,,,,,,,,,,,,,,,,,,,,,,,,,,,,,,,,,,,,,,,,,,,,,,,,,
,,,,,,,,,,,,,,,,,,,,,,,,,,,,,,,,,,,,,,,,,,,,,,,,,,
,,,,,,,,,,,,,,,,,,,,,,,,,,,,,,,,,,,,,,,,,,,,,,,,,,
,,,,,,,,,,,,,,,,,,,,,,,,,,,,,,,,,,,,,,,,,,,,,,,,,,
,,,,,,,,,,,,,,,,,,,,,,,,,,,,,,,,,,,,,,,,,,,,,,,,,,
,,,,,,,,,,,,,,,,,,,,,,,,,,,,,,,,,,,,,,,,,,,,,,,,,,
,,,,,,,,,,,,,,,,,,,,,,,,,,,,,,,,,,,,,,,,,,,,,,,,,,
,,,,,,,,,,,,,,,,,,,,,,,,,,,,,,,,,,,,,,,,,,,,,,,,,,
,,,,,,,,,,,,,,,,,,,,,,,,,,,,,,,,,,,,,,,,,,,,,,,,,,
,,,,,,,,,,,,,,,,,,,,,,,,,,,,,,,,,,,,,,,,,,,,,,,,,,
,,,,,,,,,,,,,,,,,,,,,,,,,,,,,,,,,,,,,,,,,,,,,,,,,,
,,,,,,,,,,,,,,,,,,,,,,,,,,,,,,,,,,,,,,,,,,,,,,,,,,
,,,,,,,,,,,,,,,,,,,,,,,,,,,,,,,,,,,,,,,,,,,,,,,,,,
,,,,,,,,,,,,,,,,,,,,,,,,,,,,,,,,,,,,,,,,,,,,,,,,,,
,,,,,,,,,,,,,,,,,,,,,,,,,,,,,,,,,,,,,,,,,,,,,,,,,,
,,,,,,,,,,,,,,,,,,,,,,,,,,,,,,,,,,,,,,,,,,,,,,,,,,
,,,,,,,,,,,,,,,,,,,,,,,,,,,,,,,,,,,,,,,,,,,,,,,,,,
,,,,,,,,,,,,,,,,,,,,,,,,,,,,,,,,,,,,,,,,,,,,,,,,,,
,,,,,,,,,,,,,,,,,,,,,,,,,,,,,,,,,,,,,,,,,,,,,,,,,,
,,,,,,,,,,,,,,,,,,,,,,,,,,,,,,,,,,,,,,,,,,,,,,,,,,
,,,,,,,,,,,,,,,,,,,,,,,,,,,,,,,,,,,,,,,,,,,,,,,,,,
,,,,,,,,,,,,,,,,,,,,,,,,,,,,,,,,,,,,,,,,,,,,,,,,,,
,,,,,,,,,,,,,,,,,,,,,,,,,,,,,,,,,,,,,,,,,,,,,,,,,,
,,,,,,,,,,,,,,,,,,,,,,,,,,,,,,,,,,,,,,,,,,,,,,,,,,
,,,,,,,,,,,,,,,,,,,,,,,,,,,,,,,,,,,,,,,,,,,,,,,,,,
,,,,,,,,,,,,,,,,,,,,,,,,,,,,,,,,,,,,,,,,,,,,,,,,,,
,,,,,,,,,,,,,,,,,,,,,,,,,,,,,,,,,,,,,,,,,,,,,,,,,,
,,,,,,,,,,,,,,,,,,,,,,,,,,,,,,,,,,,,,,,,,,,,,,,,,,
,,,,,,,,,,,,,,,,,,,,,,,,,,,,,,,,,,,,,,,,,,,,,,,,,,
,,,,,,,,,,,,,,,,,,,,,,,,,,,,,,,,,,,,,,,,,,,,,,,,,,
,,,,,,,,,,,,,,,,,,,,,,,,,,,,,,,,,,,,,,,,,,,,,,,,,,
,,,,,,,,,,,,,,,,,,,,,,,,,,,,,,,,,,,,,,,,,,,,,,,,,,
,,,,,,,,,,,,,,,,,,,,,,,,,,,,,,,,,,,,,,,,,,,,,,,,,,
,,,,,,,,,,,,,,,,,,,,,,,,,,,,,,,,,,,,,,,,,,,,,,,,,,
,,,,,,,,,,,,,,,,,,,,,,,,,,,,,,,,,,,,,,,,,,,,,,,,,,
,,,,,,,,,,,,,,,,,,,,,,,,,,,,,,,,,,,,,,,,,,,,,,,,,,
,,,,,,,,,,,,,,,,,,,,,,,,,,,,,,,,,,,,,,,,,,,,,,,,,,
,,,,,,,,,,,,,,,,,,,,,,,,,,,,,,,,,,,,,,,,,,,,,,,,,,
,,,,,,,,,,,,,,,,,,,,,,,,,,,,,,,,,,,,,,,,,,,,,,,,,,
,,,,,,,,,,,,,,,,,,,,,,,,,,,,,,,,,,,,,,,,,,,,,,,,,,
,,,,,,,,,,,,,,,,,,,,,,,,,,,,,,,,,,,,,,,,,,,,,,,,,,
,,,,,,,,,,,,,,,,,,,,,,,,,,,,,,,,,,,,,,,,,,,,,,,,,,
,,,,,,,,,,,,,,,,,,,,,,,,,,,,,,,,,,,,,,,,,,,,,,,,,,
,,,,,,,,,,,,,,,,,,,,,,,,,,,,,,,,,,,,,,,,,,,,,,,,,,
,,,,,,,,,,,,,,,,,,,,,,,,,,,,,,,,,,,,,,,,,,,,,,,,,,
,,,,,,,,,,,,,,,,,,,,,,,,,,,,,,,,,,,,,,,,,,,,,,,,,,
,,,,,,,,,,,,,,,,,,,,,,,,,,,,,,,,,,,,,,,,,,,,,,,,,,
,,,,,,,,,,,,,,,,,,,,,,,,,,,,,,,,,,,,,,,,,,,,,,,,,,
,,,,,,,,,,,,,,,,,,,,,,,,,,,,,,,,,,,,,,,,,,,,,,,,,,
,,,,,,,,,,,,,,,,,,,,,,,,,,,,,,,,,,,,,,,,,,,,,,,,,,
,,,,,,,,,,,,,,,,,,,,,,,,,,,,,,,,,,,,,,,,,,,,,,,,,,
,,,,,,,,,,,,,,,,,,,,,,,,,,,,,,,,,,,,,,,,,,,,,,,,,,
,,,,,,,,,,,,,,,,,,,,,,,,,,,,,,,,,,,,,,,,,,,,,,,,,,
,,,,,,,,,,,,,,,,,,,,,,,,,,,,,,,,,,,,,,,,,,,,,,,,,,
,,,,,,,,,,,,,,,,,,,,,,,,,,,,,,,,,,,,,,,,,,,,,,,,,,
,,,,,,,,,,,,,,,,,,,,,,,,,,,,,,,,,,,,,,,,,,,,,,,,,,
,,,,,,,,,,,,,,,,,,,,,,,,,,,,,,,,,,,,,,,,,,,,,,,,,,
,,,,,,,,,,,,,,,,,,,,,,,,,,,,,,,,,,,,,,,,,,,,,,,,,,
,,,,,,,,,,,,,,,,,,,,,,,,,,,,,,,,,,,,,,,,,,,,,,,,,,
,,,,,,,,,,,,,,,,,,,,,,,,,,,,,,,,,,,,,,,,,,,,,,,,,,
,,,,,,,,,,,,,,,,,,,,,,,,,,,,,,,,,,,,,,,,,,,,,,,,,,
,,,,,,,,,,,,,,,,,,,,,,,,,,,,,,,,,,,,,,,,,,,,,,,,,,
,,,,,,,,,,,,,,,,,,,,,,,,,,,,,,,,,,,,,,,,,,,,,,,,,,
,,,,,,,,,,,,,,,,,,,,,,,,,,,,,,,,,,,,,,,,,,,,,,,,,,
,,,,,,,,,,,,,,,,,,,,,,,,,,,,,,,,,,,,,,,,,,,,,,,,,,
,,,,,,,,,,,,,,,,,,,,,,,,,,,,,,,,,,,,,,,,,,,,,,,,,,
,,,,,,,,,,,,,,,,,,,,,,,,,,,,,,,,,,,,,,,,,,,,,,,,,,
,,,,,,,,,,,,,,,,,,,,,,,,,,,,,,,,,,,,,,,,,,,,,,,,,,
,,,,,,,,,,,,,,,,,,,,,,,,,,,,,,,,,,,,,,,,,,,,,,,,,,
,,,,,,,,,,,,,,,,,,,,,,,,,,,,,,,,,,,,,,,,,,,,,,,,,,
,,,,,,,,,,,,,,,,,,,,,,,,,,,,,,,,,,,,,,,,,,,,,,,,,,
,,,,,,,,,,,,,,,,,,,,,,,,,,,,,,,,,,,,,,,,,,,,,,,,,,
,,,,,,,,,,,,,,,,,,,,,,,,,,,,,,,,,,,,,,,,,,,,,,,,,,
,,,,,,,,,,,,,,,,,,,,,,,,,,,,,,,,,,,,,,,,,,,,,,,,,,
,,,,,,,,,,,,,,,,,,,,,,,,,,,,,,,,,,,,,,,,,,,,,,,,,,
,,,,,,,,,,,,,,,,,,,,,,,,,,,,,,,,,,,,,,,,,,,,,,,,,,
,,,,,,,,,,,,,,,,,,,,,,,,,,,,,,,,,,,,,,,,,,,,,,,,,,
,,,,,,,,,,,,,,,,,,,,,,,,,,,,,,,,,,,,,,,,,,,,,,,,,,
,,,,,,,,,,,,,,,,,,,,,,,,,,,,,,,,,,,,,,,,,,,,,,,,,,
,,,,,,,,,,,,,,,,,,,,,,,,,,,,,,,,,,,,,,,,,,,,,,,,,,
,,,,,,,,,,,,,,,,,,,,,,,,,,,,,,,,,,,,,,,,,,,,,,,,,,
,,,,,,,,,,,,,,,,,,,,,,,,,,,,,,,,,,,,,,,,,,,,,,,,,,
,,,,,,,,,,,,,,,,,,,,,,,,,,,,,,,,,,,,,,,,,,,,,,,,,,
,,,,,,,,,,,,,,,,,,,,,,,,,,,,,,,,,,,,,,,,,,,,,,,,,,
,,,,,,,,,,,,,,,,,,,,,,,,,,,,,,,,,,,,,,,,,,,,,,,,,,
,,,,,,,,,,,,,,,,,,,,,,,,,,,,,,,,,,,,,,,,,,,,,,,,,,
,,,,,,,,,,,,,,,,,,,,,,,,,,,,,,,,,,,,,,,,,,,,,,,,,,
,,,,,,,,,,,,,,,,,,,,,,,,,,,,,,,,,,,,,,,,,,,,,,,,,,
,,,,,,,,,,,,,,,,,,,,,,,,,,,,,,,,,,,,,,,,,,,,,,,,,,
,,,,,,,,,,,,,,,,,,,,,,,,,,,,,,,,,,,,,,,,,,,,,,,,,,
,,,,,,,,,,,,,,,,,,,,,,,,,,,,,,,,,,,,,,,,,,,,,,,,,,
,,,,,,,,,,,,,,,,,,,,,,,,,,,,,,,,,,,,,,,,,,,,,,,,,,
,,,,,,,,,,,,,,,,,,,,,,,,,,,,,,,,,,,,,,,,,,,,,,,,,,
,,,,,,,,,,,,,,,,,,,,,,,,,,,,,,,,,,,,,,,,,,,,,,,,,,
,,,,,,,,,,,,,,,,,,,,,,,,,,,,,,,,,,,,,,,,,,,,,,,,,,
,,,,,,,,,,,,,,,,,,,,,,,,,,,,,,,,,,,,,,,,,,,,,,,,,,
,,,,,,,,,,,,,,,,,,,,,,,,,,,,,,,,,,,,,,,,,,,,,,,,,,
,,,,,,,,,,,,,,,,,,,,,,,,,,,,,,,,,,,,,,,,,,,,,,,,,,
,,,,,,,,,,,,,,,,,,,,,,,,,,,,,,,,,,,,,,,,,,,,,,,,,,
,,,,,,,,,,,,,,,,,,,,,,,,,,,,,,,,,,,,,,,,,,,,,,,,,,
,,,,,,,,,,,,,,,,,,,,,,,,,,,,,,,,,,,,,,,,,,,,,,,,,,
,,,,,,,,,,,,,,,,,,,,,,,,,,,,,,,,,,,,,,,,,,,,,,,,,,
,,,,,,,,,,,,,,,,,,,,,,,,,,,,,,,,,,,,,,,,,,,,,,,,,,
,,,,,,,,,,,,,,,,,,,,,,,,,,,,,,,,,,,,,,,,,,,,,,,,,,
,,,,,,,,,,,,,,,,,,,,,,,,,,,,,,,,,,,,,,,,,,,,,,,,,,
,,,,,,,,,,,,,,,,,,,,,,,,,,,,,,,,,,,,,,,,,,,,,,,,,,
,,,,,,,,,,,,,,,,,,,,,,,,,,,,,,,,,,,,,,,,,,,,,,,,,,
,,,,,,,,,,,,,,,,,,,,,,,,,,,,,,,,,,,,,,,,,,,,,,,,,,
,,,,,,,,,,,,,,,,,,,,,,,,,,,,,,,,,,,,,,,,,,,,,,,,,,
,,,,,,,,,,,,,,,,,,,,,,,,,,,,,,,,,,,,,,,,,,,,,,,,,,
,,,,,,,,,,,,,,,,,,,,,,,,,,,,,,,,,,,,,,,,,,,,,,,,,,
,,,,,,,,,,,,,,,,,,,,,,,,,,,,,,,,,,,,,,,,,,,,,,,,,,
,,,,,,,,,,,,,,,,,,,,,,,,,,,,,,,,,,,,,,,,,,,,,,,,,,
,,,,,,,,,,,,,,,,,,,,,,,,,,,,,,,,,,,,,,,,,,,,,,,,,,
,,,,,,,,,,,,,,,,,,,,,,,,,,,,,,,,,,,,,,,,,,,,,,,,,,
,,,,,,,,,,,,,,,,,,,,,,,,,,,,,,,,,,,,,,,,,,,,,,,,,,
,,,,,,,,,,,,,,,,,,,,,,,,,,,,,,,,,,,,,,,,,,,,,,,,,,
,,,,,,,,,,,,,,,,,,,,,,,,,,,,,,,,,,,,,,,,,,,,,,,,,,
,,,,,,,,,,,,,,,,,,,,,,,,,,,,,,,,,,,,,,,,,,,,,,,,,,
,,,,,,,,,,,,,,,,,,,,,,,,,,,,,,,,,,,,,,,,,,,,,,,,,,
,,,,,,,,,,,,,,,,,,,,,,,,,,,,,,,,,,,,,,,,,,,,,,,,,,
,,,,,,,,,,,,,,,,,,,,,,,,,,,,,,,,,,,,,,,,,,,,,,,,,,
,,,,,,,,,,,,,,,,,,,,,,,,,,,,,,,,,,,,,,,,,,,,,,,,,,
,,,,,,,,,,,,,,,,,,,,,,,,,,,,,,,,,,,,,,,,,,,,,,,,,,
,,,,,,,,,,,,,,,,,,,,,,,,,,,,,,,,,,,,,,,,,,,,,,,,,,
,,,,,,,,,,,,,,,,,,,,,,,,,,,,,,,,,,,,,,,,,,,,,,,,,,
,,,,,,,,,,,,,,,,,,,,,,,,,,,,,,,,,,,,,,,,,,,,,,,,,,
,,,,,,,,,,,,,,,,,,,,,,,,,,,,,,,,,,,,,,,,,,,,,,,,,,
,,,,,,,,,,,,,,,,,,,,,,,,,,,,,,,,,,,,,,,,,,,,,,,,,,
,,,,,,,,,,,,,,,,,,,,,,,,,,,,,,,,,,,,,,,,,,,,,,,,,,
,,,,,,,,,,,,,,,,,,,,,,,,,,,,,,,,,,,,,,,,,,,,,,,,,,
,,,,,,,,,,,,,,,,,,,,,,,,,,,,,,,,,,,,,,,,,,,,,,,,,,
,,,,,,,,,,,,,,,,,,,,,,,,,,,,,,,,,,,,,,,,,,,,,,,,,,
,,,,,,,,,,,,,,,,,,,,,,,,,,,,,,,,,,,,,,,,,,,,,,,,,,
,,,,,,,,,,,,,,,,,,,,,,,,,,,,,,,,,,,,,,,,,,,,,,,,,,
,,,,,,,,,,,,,,,,,,,,,,,,,,,,,,,,,,,,,,,,,,,,,,,,,,
,,,,,,,,,,,,,,,,,,,,,,,,,,,,,,,,,,,,,,,,,,,,,,,,,,
,,,,,,,,,,,,,,,,,,,,,,,,,,,,,,,,,,,,,,,,,,,,,,,,,,